year,decade,is_preliminary,paris_agreement,fingrid_data_available,carbon_monitor_available
1990,1990,False,False,False,False
1991,1990,False,False,False,False
1992,1990,False,False,False,False
1993,1990,False,False,False,False
1994,1990,False,False,False,False
1995,1990,False,False,False,False
1996,1990,False,False,False,False
1997,1990,False,False,False,False
1998,1990,False,False,False,False
1999,1990,False,False,False,False
2000,2000,False,False,False,False
2001,2000,False,False,False,False
2002,2000,False,False,False,False
2003,2000,False,False,False,False
2004,2000,False,False,False,False
2005,2000,False,False,False,False
2006,2000,False,False,False,False
2007,2000,False,False,False,False
2008,2000,False,False,False,False
2009,2000,False,False,False,False
2010,2010,False,False,False,False
2011,2010,False,False,False,False
2012,2010,False,False,False,False
2013,2010,False,False,False,False
2014,2010,False,False,False,False
2015,2010,False,False,False,False
2016,2010,False,True,False,False
2017,2010,False,True,False,False
2018,2010,False,True,True,False
2019,2010,False,True,True,True
2020,2020,False,True,True,True
2021,2020,False,True,True,True
2022,2020,False,True,True,True
2023,2020,False,True,True,True
2024,2020,False,True,True,True
2025,2020,True,True,True,True
2026,2020,False,True,True,True
