series_id,last_known_year,last_known_value_ktco2e,next_year,predicted_value_ktco2e,region
Central Finland,2024,1495.6,2025,2404.109804708883,Central Finland
Central Ostrobothnia,2024,743.7,2025,1071.796606911719,Central Ostrobothnia
Kainuu,2024,554.9,2025,607.9211038604379,Kainuu
Kanta-Häme,2024,1036.4,2025,1446.1269980281593,Kanta-Häme
Kymenlaakso,2024,1201.6,2025,1768.1386165589092,Kymenlaakso
Lapland,2024,1827.0,2025,3170.2847790554165,Lapland
North Karelia,2024,1075.0,2025,1474.8997473388908,North Karelia
North Ostrobothnia,2024,4610.0,2025,5725.187911736965,North Ostrobothnia
North Savo,2024,1813.2,2025,2390.1771792694926,North Savo
Ostrobothnia,2024,1300.1,2025,1754.0264505058528,Ostrobothnia
Pirkanmaa,2024,2464.5,2025,3475.4950066529213,Pirkanmaa
Päijät-Häme,2024,1108.8,2025,1709.6243138223888,Päijät-Häme
Satakunta,2024,1615.6,2025,2305.1704523347316,Satakunta
South Karelia,2024,1225.9,2025,1675.28934359923,South Karelia
South Ostrobothnia,2024,2046.5,2025,2541.7422008514404,South Ostrobothnia
South Savo,2024,843.5,2025,1169.353096614778,South Savo
Southwest Finland,2024,2335.6,2025,3614.5959948360924,Southwest Finland
Uusimaa,2024,6866.9,2025,10812.835882727803,Uusimaa
Åland,2024,164.6,2025,231.8877281010151,Åland
