region_raw,year,gdp_per_capita_eur,population_gdp_source,gdp_per_capita_real_2015eur,gdp_total_eur,region_key
Central Finland,2000,22274.9,261779.0,28917.9,5831101047.1,central finland
Central Finland,2001,24194.7,262520.0,30351.3,6351592644.0,central finland
Central Finland,2002,24662.2,263121.0,30971.3,6489142726.2,central finland
Central Finland,2003,24956.7,263807.0,31384.7,6583752156.900001,central finland
Central Finland,2004,24994.0,264890.0,31279.9,6620660660.0,central finland
Central Finland,2005,25611.6,265818.0,31657.1,6808024288.799999,central finland
Central Finland,2006,26733.1,266545.0,32708.0,7125574139.5,central finland
Central Finland,2007,29206.1,267452.0,34673.7,7811229857.2,central finland
Central Finland,2008,30453.9,268553.0,35099.6,8178486206.700001,central finland
Central Finland,2009,28472.4,269652.0,32086.8,7677639604.8,central finland
Central Finland,2010,27381.6,270639.0,30639.3,7410528842.4,central finland
Central Finland,2011,29368.7,271479.0,32065.4,7972985307.3,central finland
Central Finland,2012,30039.7,272299.0,31982.2,8179780270.3,central finland
Central Finland,2013,29780.5,272817.0,30840.8,8124626668.5,central finland
Central Finland,2014,30466.5,272949.0,30981.8,8315800708.5,central finland
Central Finland,2015,31730.4,273216.0,31730.4,8669252966.4,central finland
Central Finland,2016,32743.0,273678.0,32519.8,8961038754.0,central finland
Central Finland,2017,33816.4,273845.0,33360.1,9260452058.0,central finland
Central Finland,2018,35405.7,273531.0,33968.8,9684556526.699999,central finland
Central Finland,2019,35809.8,273091.0,33852.7,9779334091.800001,central finland
Central Finland,2020,35079.4,272758.0,32824.4,9568186985.2,central finland
Central Finland,2021,37388.2,272650.0,34227.3,10193892730.0,central finland
Central Finland,2022,40637.5,272560.0,35347.8,11076157000.0,central finland
Central Finland,2023,40167.7,272854.0,33785.1,10959917615.8,central finland
Central Ostrobothnia,2000,19287.7,68199.0,28521.5,1315401852.3,central ostrobothnia
Central Ostrobothnia,2001,20553.5,67862.0,29262.0,1394801617.0,central ostrobothnia
Central Ostrobothnia,2002,19949.6,67584.0,27959.3,1348273766.3999999,central ostrobothnia
Central Ostrobothnia,2003,21453.9,67469.0,29519.2,1447473179.1000001,central ostrobothnia
Central Ostrobothnia,2004,22675.0,67405.0,30482.1,1528408375.0,central ostrobothnia
Central Ostrobothnia,2005,23873.0,67491.0,31438.3,1611212643.0,central ostrobothnia
Central Ostrobothnia,2006,27712.6,67622.0,35608.2,1873981437.1999998,central ostrobothnia
Central Ostrobothnia,2007,29713.8,67765.0,36342.1,2013555657.0,central ostrobothnia
Central Ostrobothnia,2008,32043.2,67945.0,36161.5,2177175224.0,central ostrobothnia
Central Ostrobothnia,2009,28868.1,68061.0,33995.3,1964791754.1,central ostrobothnia
Central Ostrobothnia,2010,30571.8,68226.0,34332.1,2085791626.8,central ostrobothnia
Central Ostrobothnia,2011,33251.0,68403.0,35692.4,2274468153.0,central ostrobothnia
Central Ostrobothnia,2012,32571.3,68547.0,33995.5,2232664901.1,central ostrobothnia
Central Ostrobothnia,2013,32638.1,68644.0,33448.4,2240409736.4,central ostrobothnia
Central Ostrobothnia,2014,34545.2,68755.0,34801.0,2375155226.0,central ostrobothnia
Central Ostrobothnia,2015,35158.2,68932.0,35158.2,2423525042.3999996,central ostrobothnia
Central Ostrobothnia,2016,34360.6,69030.0,35202.6,2371912218.0,central ostrobothnia
Central Ostrobothnia,2017,36677.6,68904.0,37082.3,2527233350.4,central ostrobothnia
Central Ostrobothnia,2018,37691.3,68609.0,36638.6,2585962401.7000003,central ostrobothnia
Central Ostrobothnia,2019,37646.5,68298.0,36128.4,2571180657.0,central ostrobothnia
Central Ostrobothnia,2020,38099.4,68073.0,35560.5,2593540456.2000003,central ostrobothnia
Central Ostrobothnia,2021,38338.0,67952.0,34034.0,2605143776.0,central ostrobothnia
Central Ostrobothnia,2022,40380.7,67860.0,33267.1,2740234302.0,central ostrobothnia
Central Ostrobothnia,2023,45675.7,67771.0,38078.6,3095487864.7,central ostrobothnia
Kainuu,2000,17383.6,86340.0,23614.4,1500900023.9999998,kainuu
Kainuu,2001,19189.8,85117.0,25204.0,1633378206.6,kainuu
Kainuu,2002,19774.7,83987.0,25794.6,1660817728.9,kainuu
Kainuu,2003,20063.6,83111.0,25979.1,1667505859.6,kainuu
Kainuu,2004,21012.3,82479.0,26914.4,1733073491.7,kainuu
Kainuu,2005,21057.0,81900.0,26541.4,1724568300.0,kainuu
Kainuu,2006,22930.0,81162.0,28422.7,1861044660.0,kainuu
Kainuu,2007,24048.5,80478.0,28687.8,1935375183.0,kainuu
Kainuu,2008,25513.2,79954.0,29477.3,2039882392.8,kainuu
Kainuu,2009,22708.5,79462.0,26139.6,1804462827.0,kainuu
Kainuu,2010,24902.0,78969.0,27628.0,1966486038.0,kainuu
Kainuu,2011,26455.1,78344.0,28529.6,2072598354.3999999,kainuu
Kainuu,2012,26707.9,77710.0,28280.0,2075470909.0,kainuu
Kainuu,2013,25493.1,77109.0,26217.3,1965747447.8999999,kainuu
Kainuu,2014,26532.4,76451.0,26778.4,2028428512.4,kainuu
Kainuu,2015,26235.2,75722.0,26235.2,1986581814.4,kainuu
Kainuu,2016,27928.0,75064.0,27872.5,2096387392.0,kainuu
Kainuu,2017,30238.2,74381.0,29703.7,2249147554.2000003,kainuu
Kainuu,2018,32054.5,73510.0,30944.5,2356326295.0,kainuu
Kainuu,2019,32771.3,72684.0,30878.0,2381949169.2000003,kainuu
Kainuu,2020,33797.5,71985.0,31096.1,2432913037.5,kainuu
Kainuu,2021,35109.9,71460.0,31112.0,2508953454.0,kainuu
Kainuu,2022,42144.7,70888.0,34362.3,2987553493.6,kainuu
Kainuu,2023,37805.3,70343.0,30806.2,2659338217.9,kainuu
Kanta-Häme,2000,20656.4,165249.0,28307.8,3413449443.6000004,kanta hame
Kanta-Häme,2001,22253.3,165408.0,29409.2,3680873846.4,kanta hame
Kanta-Häme,2002,22360.0,165698.0,29243.7,3705007280.0,kanta hame
Kanta-Häme,2003,23708.2,166267.0,30630.3,3941891289.4,kanta hame
Kanta-Häme,2004,25107.3,167139.0,32115.5,4196409014.7,kanta hame
Kanta-Häme,2005,25497.5,168006.0,31997.7,4283732985.0,kanta hame
Kanta-Häme,2006,26220.6,169167.0,32623.4,4435660240.2,kanta hame
Kanta-Häme,2007,27819.6,170701.0,33312.3,4748833539.599999,kanta hame
Kanta-Häme,2008,30068.9,172245.0,34175.2,5179217680.5,kanta hame
Kanta-Häme,2009,26727.5,173435.0,29867.8,4635483962.5,kanta hame
Kanta-Häme,2010,27403.4,174192.0,30736.7,4773453052.8,kanta hame
Kanta-Häme,2011,29420.3,174893.0,32048.7,5145404527.9,kanta hame
Kanta-Häme,2012,32010.2,175351.0,33868.9,5613020580.2,kanta hame
Kanta-Häme,2013,31740.2,175477.0,32610.3,5569675075.400001,kanta hame
Kanta-Häme,2014,31335.8,175416.0,31710.9,5496800692.8,kanta hame
Kanta-Häme,2015,31491.3,175030.0,31491.3,5511922239.0,kanta hame
Kanta-Häme,2016,32119.7,174246.0,32199.6,5596729246.2,kanta hame
Kanta-Häme,2017,33124.4,173251.0,32863.7,5738835424.400001,kanta hame
Kanta-Häme,2018,33256.0,172042.0,32565.7,5721428752.0,kanta hame
Kanta-Häme,2019,34667.5,171145.0,33559.4,5933169287.5,kanta hame
Kanta-Häme,2020,35522.7,170751.0,33940.3,6065536547.7,kanta hame
Kanta-Häme,2021,37967.0,170395.0,34788.6,6469386965.0,kanta hame
Kanta-Häme,2022,38825.3,169875.0,33822.4,6595447837.500001,kanta hame
Kanta-Häme,2023,41105.3,169542.0,34870.7,6969074772.6,kanta hame
Kymenlaakso,2000,27357.0,180531.0,34345.8,4938786567.0,kymenlaakso
Kymenlaakso,2001,28665.5,179616.0,34593.1,5148782448.0,kymenlaakso
Kymenlaakso,2002,28068.5,179014.0,34494.7,5024654459.0,kymenlaakso
Kymenlaakso,2003,27953.3,178538.0,34866.4,4990726275.4,kymenlaakso
Kymenlaakso,2004,30399.0,178273.0,37687.8,5419320927.0,kymenlaakso
Kymenlaakso,2005,31270.8,178068.0,38448.6,5568328814.4,kymenlaakso
Kymenlaakso,2006,31359.5,177463.0,38214.3,5565150948.5,kymenlaakso
Kymenlaakso,2007,31679.1,176676.0,37650.4,5596936671.599999,kymenlaakso
Kymenlaakso,2008,30890.4,176009.0,35714.8,5436988413.6,kymenlaakso
Kymenlaakso,2009,28153.3,175532.0,31760.2,4941805055.599999,kymenlaakso
Kymenlaakso,2010,29363.5,175467.0,32859.3,5152325254.5,kymenlaakso
Kymenlaakso,2011,31763.2,175102.0,34511.8,5561799846.400001,kymenlaakso
Kymenlaakso,2012,32034.9,174647.0,34121.3,5594799180.3,kymenlaakso
Kymenlaakso,2013,32115.4,174165.0,33462.5,5593378641.0,kymenlaakso
Kymenlaakso,2014,32837.7,173386.0,33580.0,5693597452.2,kymenlaakso
Kymenlaakso,2015,34903.2,172343.0,34903.2,6015322197.599999,kymenlaakso
Kymenlaakso,2016,34794.8,171274.0,34906.3,5959444575.200001,kymenlaakso
Kymenlaakso,2017,37371.4,169731.0,37364.1,6343085093.400001,kymenlaakso
Kymenlaakso,2018,39846.3,167657.0,38482.6,6680511119.1,kymenlaakso
Kymenlaakso,2019,41287.3,165540.0,39504.7,6834699642.000001,kymenlaakso
Kymenlaakso,2020,41506.5,163634.0,39727.6,6791874621.0,kymenlaakso
Kymenlaakso,2021,42936.9,162102.0,39657.3,6960157363.8,kymenlaakso
Kymenlaakso,2022,44142.6,160440.0,37491.2,7082238744.0,kymenlaakso
Kymenlaakso,2023,42840.4,159073.0,36602.8,6814750949.2,kymenlaakso
Lapland,2000,22140.9,193060.0,27906.0,4274522154.0000005,lapland
Lapland,2001,22450.5,190528.0,27227.1,4277448864.0,lapland
Lapland,2002,23023.6,188533.0,28029.1,4340708378.8,lapland
Lapland,2003,23545.4,187347.0,28538.3,4411160053.8,lapland
Lapland,2004,24999.6,186680.0,30439.3,4666925328.0,lapland
Lapland,2005,25095.5,186122.0,29854.6,4670824651.0,lapland
Lapland,2006,28565.8,185368.0,33794.0,5295185214.4,lapland
Lapland,2007,28257.1,184663.0,31900.0,5218040857.3,lapland
Lapland,2008,29282.1,184177.0,30296.6,5393089331.7,lapland
Lapland,2009,27032.7,183856.0,28267.5,4970124091.2,lapland
Lapland,2010,28732.2,183618.0,30566.1,5275749099.6,lapland
Lapland,2011,29718.9,183409.0,30363.5,5450713730.1,lapland
Lapland,2012,31213.7,183087.0,31984.6,5714822691.900001,lapland
Lapland,2013,32764.5,182679.0,33110.1,5985386095.5,lapland
Lapland,2014,33009.1,182131.0,33135.2,6011980392.099999,lapland
Lapland,2015,34671.4,181303.0,34671.4,6286028834.2,lapland
Lapland,2016,35623.9,180533.0,36418.0,6431289538.7,lapland
Lapland,2017,38040.4,179715.0,37963.2,6836430486.0,lapland
Lapland,2018,38212.6,178873.0,37720.9,6835202399.8,lapland
Lapland,2019,38188.6,177842.0,37910.2,6791537001.2,lapland
Lapland,2020,38277.2,176913.0,38271.9,6771734283.599999,lapland
Lapland,2021,39167.2,176580.0,35443.7,6916144175.999999,lapland
Lapland,2022,46665.3,176145.0,36942.9,8219859268.500001,lapland
Lapland,2023,44869.7,175973.0,37976.7,7895855718.099999,lapland
North Karelia,2000,18953.8,176713.0,25245.7,3349382859.4,north karelia
North Karelia,2001,19629.0,175755.0,25188.7,3449894895.0,north karelia
North Karelia,2002,19770.6,174779.0,24993.0,3455485697.3999996,north karelia
North Karelia,2003,21001.9,173908.0,26463.1,3652398425.2000003,north karelia
North Karelia,2004,22359.0,173299.0,28115.6,3874792341.0,north karelia
North Karelia,2005,23104.1,172824.0,28829.0,3992942978.3999996,north karelia
North Karelia,2006,24552.4,172196.0,30431.3,4227825070.4,north karelia
North Karelia,2007,25472.6,171327.0,30371.8,4364144140.2,north karelia
North Karelia,2008,25804.0,170545.0,29732.5,4400743180.0,north karelia
North Karelia,2009,23862.2,170066.0,26981.5,4058148905.2000003,north karelia
North Karelia,2010,24923.5,169858.0,27902.4,4233455863.0,north karelia
North Karelia,2011,27907.5,169756.0,30436.2,4737465570.0,north karelia
North Karelia,2012,27776.7,169615.0,29447.8,4711344970.5,north karelia
North Karelia,2013,28679.5,169304.0,29543.8,4855554068.0,north karelia
North Karelia,2014,29585.1,169004.0,29924.2,5000000240.4,north karelia
North Karelia,2015,29068.8,168613.0,29068.8,4901377574.4,north karelia
North Karelia,2016,30174.8,167964.0,30027.5,5068280107.2,north karelia
North Karelia,2017,30573.3,167020.0,30309.6,5106352566.0,north karelia
North Karelia,2018,32994.7,166005.0,31937.5,5477285173.499999,north karelia
North Karelia,2019,33428.7,165017.0,31839.6,5516303787.9,north karelia
North Karelia,2020,32441.6,164001.0,30495.8,5320454841.599999,north karelia
North Karelia,2021,35017.0,163409.0,31634.4,5722092953.0,north karelia
North Karelia,2022,37992.4,162911.0,32647.0,6189379876.400001,north karelia
North Karelia,2023,37688.0,162431.0,31320.8,6121699528.0,north karelia
North Ostrobothnia,2000,23714.4,371233.0,28042.4,8803567855.2,north ostrobothnia
North Ostrobothnia,2001,23434.3,373911.0,27070.9,8762342547.3,north ostrobothnia
North Ostrobothnia,2002,26498.6,376114.0,30394.4,9966494440.4,north ostrobothnia
North Ostrobothnia,2003,27968.8,377974.0,32433.1,10571479211.199999,north ostrobothnia
North Ostrobothnia,2004,29206.9,380348.0,33950.9,11108786001.2,north ostrobothnia
North Ostrobothnia,2005,29820.8,383300.0,34600.2,11430312640.0,north ostrobothnia
North Ostrobothnia,2006,29694.0,386064.0,34413.1,11463784416.0,north ostrobothnia
North Ostrobothnia,2007,32443.9,388679.0,36660.5,12610262608.1,north ostrobothnia
North Ostrobothnia,2008,33475.4,391345.0,37050.5,13100430413.0,north ostrobothnia
North Ostrobothnia,2009,29492.1,394081.0,32749.6,11622276260.099998,north ostrobothnia
North Ostrobothnia,2010,30689.3,396923.0,34147.4,12181289023.9,north ostrobothnia
North Ostrobothnia,2011,31249.3,399768.0,33580.9,12492470162.4,north ostrobothnia
North Ostrobothnia,2012,31607.1,402561.0,33224.3,12723785783.099998,north ostrobothnia
North Ostrobothnia,2013,31787.8,405200.0,32626.5,12880416560.0,north ostrobothnia
North Ostrobothnia,2014,31461.1,407508.0,31777.8,12820649938.8,north ostrobothnia
North Ostrobothnia,2015,30722.1,409295.0,30722.1,12574401919.5,north ostrobothnia
North Ostrobothnia,2016,32800.4,410602.0,32884.4,13467909840.800001,north ostrobothnia
North Ostrobothnia,2017,33819.4,411503.0,33498.2,13916784558.2,north ostrobothnia
North Ostrobothnia,2018,34444.4,412009.0,33424.7,14191402799.6,north ostrobothnia
North Ostrobothnia,2019,35958.2,412496.0,34429.8,14832613667.199999,north ostrobothnia
North Ostrobothnia,2020,36433.7,413330.0,34302.9,15059141220.999998,north ostrobothnia
North Ostrobothnia,2021,39159.1,414717.0,35694.7,16239944474.699999,north ostrobothnia
North Ostrobothnia,2022,41654.2,416073.0,35612.7,17331187956.6,north ostrobothnia
North Ostrobothnia,2023,42483.9,417374.0,35724.1,17731675278.600002,north ostrobothnia
North Savo,2000,19493.5,260516.0,27227.2,5078368646.0,north savo
North Savo,2001,20881.4,259152.0,28010.2,5411456572.8,north savo
North Savo,2002,21324.0,258196.0,28261.4,5505771504.0,north savo
North Savo,2003,22128.3,257404.0,29071.4,5695912933.2,north savo
North Savo,2004,22665.7,256910.0,29484.1,5823044987.0,north savo
North Savo,2005,24076.4,256212.0,30844.6,6168662596.8,north savo
North Savo,2006,24992.9,255389.0,31580.4,6382911738.1,north savo
North Savo,2007,27091.2,254731.0,32971.0,6900968467.2,north savo
North Savo,2008,28875.0,254133.0,33680.6,7338090375.0,north savo
North Savo,2009,26360.8,253752.0,30115.5,6689105721.599999,north savo
North Savo,2010,27660.3,253471.0,31206.1,7011083901.3,north savo
North Savo,2011,30001.1,253405.0,32847.4,7602428745.5,north savo
North Savo,2012,29968.1,253498.0,31800.4,7596853413.799999,north savo
North Savo,2013,30119.2,253584.0,31092.6,7637747212.8,north savo
North Savo,2014,30842.8,253614.0,31206.2,7822165879.2,north savo
North Savo,2015,31361.6,253412.0,31361.6,7947405779.2,north savo
North Savo,2016,32053.9,253027.0,31921.8,8110502155.3,north savo
North Savo,2017,33681.4,252193.0,33291.3,8494213310.200001,north savo
North Savo,2018,35220.2,250992.0,34060.5,8839988438.4,north savo
North Savo,2019,36065.6,249709.0,34244.1,9005904910.4,north savo
North Savo,2020,35762.4,248634.0,33382.0,8891748561.6,north savo
North Savo,2021,37853.5,248314.0,34307.4,9399553999.0,north savo
North Savo,2022,42190.9,248026.0,36221.5,10464440163.4,north savo
North Savo,2023,41361.4,247940.0,34374.5,10255145516.0,north savo
Ostrobothnia,2000,24586.3,168202.0,33043.1,4135464832.6,ostrobothnia
Ostrobothnia,2001,25674.6,168032.0,33078.7,4314154387.2,ostrobothnia
Ostrobothnia,2002,24545.7,167954.0,31459.6,4122548497.8,ostrobothnia
Ostrobothnia,2003,26223.3,167984.0,33397.9,4405094827.2,ostrobothnia
Ostrobothnia,2004,27724.4,168204.0,35217.9,4663354977.6,ostrobothnia
Ostrobothnia,2005,29309.3,168472.0,36908.8,4937796389.599999,ostrobothnia
Ostrobothnia,2006,30575.7,168877.0,38299.4,5163532488.900001,ostrobothnia
Ostrobothnia,2007,33754.3,169571.0,41298.7,5723750405.3,ostrobothnia
Ostrobothnia,2008,35600.9,170483.0,41726.9,6069348234.7,ostrobothnia
Ostrobothnia,2009,34415.6,171540.0,38391.6,5903652024.0,ostrobothnia
Ostrobothnia,2010,37355.2,172533.0,41239.2,6445004721.599999,ostrobothnia
Ostrobothnia,2011,37959.0,173576.0,41543.2,6588771384.0,ostrobothnia
Ostrobothnia,2012,38685.5,174474.0,41413.0,6749613927.0,ostrobothnia
Ostrobothnia,2013,38498.2,175154.0,39611.8,6743113722.799999,ostrobothnia
Ostrobothnia,2014,38482.3,175922.0,38901.8,6769883180.6,ostrobothnia
Ostrobothnia,2015,38897.3,176604.0,38897.3,6869418769.200001,ostrobothnia
Ostrobothnia,2016,38584.7,176812.0,38372.2,6822237976.4,ostrobothnia
Ostrobothnia,2017,39225.9,176501.0,38841.2,6923410575.900001,ostrobothnia
Ostrobothnia,2018,40432.1,176233.0,39037.2,7125470279.3,ostrobothnia
Ostrobothnia,2019,41195.8,176058.0,39120.9,7252850156.400001,ostrobothnia
Ostrobothnia,2020,40232.3,175870.0,37568.4,7075654601.000001,ostrobothnia
Ostrobothnia,2021,44224.1,175929.0,40805.0,7780301688.9,ostrobothnia
Ostrobothnia,2022,46377.6,176182.0,40507.1,8170898323.2,ostrobothnia
Ostrobothnia,2023,49187.3,176963.0,40664.9,8704332169.9,ostrobothnia
Pirkanmaa,2000,24923.3,452562.0,30791.8,11279338494.6,pirkanmaa
Pirkanmaa,2001,27338.9,455749.0,32883.6,12459676336.1,pirkanmaa
Pirkanmaa,2002,28117.4,459129.0,33597.9,12909513744.6,pirkanmaa
Pirkanmaa,2003,28831.7,462322.0,34639.3,13329529207.4,pirkanmaa
Pirkanmaa,2004,30063.5,465978.0,36045.3,14008929603.0,pirkanmaa
Pirkanmaa,2005,31234.4,470007.0,37279.5,14680386640.800001,pirkanmaa
Pirkanmaa,2006,31899.4,474107.0,38026.4,15123728835.800001,pirkanmaa
Pirkanmaa,2007,34830.6,478428.0,40630.5,16663934296.8,pirkanmaa
Pirkanmaa,2008,36086.9,482636.0,41332.0,17416837068.4,pirkanmaa
Pirkanmaa,2009,32215.5,486467.0,36188.9,15671777638.5,pirkanmaa
Pirkanmaa,2010,33356.1,490021.0,37346.0,16345189478.099998,pirkanmaa
Pirkanmaa,2011,35958.7,493494.0,39347.6,17745402697.8,pirkanmaa
Pirkanmaa,2012,35345.6,497124.0,37637.3,17571146054.399998,pirkanmaa
Pirkanmaa,2013,34972.6,500791.0,36093.3,17513963326.6,pirkanmaa
Pirkanmaa,2014,34596.1,504166.0,35085.8,17442177352.6,pirkanmaa
Pirkanmaa,2015,34608.1,507102.0,34608.1,17549836726.2,pirkanmaa
Pirkanmaa,2016,35947.5,510045.0,35692.0,18334842637.5,pirkanmaa
Pirkanmaa,2017,37247.0,512988.0,36752.3,19107264036.0,pirkanmaa
Pirkanmaa,2018,38781.9,515833.0,37597.0,20004983822.7,pirkanmaa
Pirkanmaa,2019,39863.9,518603.0,37991.2,20673538131.7,pirkanmaa
Pirkanmaa,2020,40148.2,521362.0,37712.7,20931745848.399998,pirkanmaa
Pirkanmaa,2021,41910.2,525165.0,38776.3,22009770183.0,pirkanmaa
Pirkanmaa,2022,44119.8,530075.0,39133.1,23386802985.0,pirkanmaa
Pirkanmaa,2023,45705.5,535990.0,38857.2,24497690945.0,pirkanmaa
Päijät-Häme,2000,20701.5,204885.0,28455.2,4241426827.5,paijat hame
Päijät-Häme,2001,22123.4,204992.0,29262.3,4535120012.8,paijat hame
Päijät-Häme,2002,21861.5,205268.0,28501.3,4487466382.0,paijat hame
Päijät-Häme,2003,23141.2,205610.0,29859.4,4758062132.0,paijat hame
Päijät-Häme,2004,24072.2,205888.0,30902.5,4956177113.6,paijat hame
Päijät-Häme,2005,25006.1,206131.0,31694.0,5154532399.099999,paijat hame
Päijät-Häme,2006,25399.4,206361.0,31820.4,5241445583.400001,paijat hame
Päijät-Häme,2007,26594.8,206875.0,32106.1,5501799250.0,paijat hame
Päijät-Häme,2008,28140.5,207605.0,32647.9,5842108502.5,paijat hame
Päijät-Häme,2009,26033.0,208127.0,29439.3,5418170191.0,paijat hame
Päijät-Häme,2010,27711.1,208554.0,31199.4,5779260749.4,paijat hame
Päijät-Häme,2011,29281.5,209008.0,32123.3,6120067752.0,paijat hame
Päijät-Häme,2012,30547.0,209371.0,32526.3,6395655937.0,paijat hame
Päijät-Häme,2013,29858.5,209454.0,30785.1,6253982259.0,paijat hame
Päijät-Häme,2014,30513.9,209182.0,30866.5,6382958629.8,paijat hame
Päijät-Häme,2015,30755.5,208742.0,30755.5,6419964581.0,paijat hame
Päijät-Häme,2016,31679.5,208550.0,31431.2,6606759725.0,paijat hame
Päijät-Häme,2017,32139.8,208311.0,31740.3,6695073877.8,paijat hame
Päijät-Häme,2018,32759.5,207721.0,31870.2,6804836099.5,paijat hame
Päijät-Häme,2019,32905.6,206855.0,31397.4,6806687888.0,paijat hame
Päijät-Häme,2020,32745.5,206043.0,30706.0,6746981056.5,paijat hame
Päijät-Häme,2021,34467.9,205448.0,31484.3,7081361119.200001,paijat hame
Päijät-Häme,2022,37686.7,204826.0,32820.0,7719216014.2,paijat hame
Päijät-Häme,2023,37213.3,204504.0,31091.0,7610268703.200001,paijat hame
Satakunta,2000,23325.3,233401.0,32961.0,5444148345.3,satakunta
Satakunta,2001,25814.2,231938.0,34845.2,5987293919.6,satakunta
Satakunta,2002,26215.8,230894.0,35361.5,6053070925.2,satakunta
Satakunta,2003,26399.7,230195.0,35351.1,6077078941.5,satakunta
Satakunta,2004,26385.4,229650.0,35391.9,6059407110.0,satakunta
Satakunta,2005,27884.1,229032.0,36818.4,6386351191.2,satakunta
Satakunta,2006,29245.8,228363.0,38062.5,6678658625.4,satakunta
Satakunta,2007,31059.4,227591.0,39027.4,7068839905.400001,satakunta
Satakunta,2008,32021.8,226745.0,37461.1,7260783041.0,satakunta
Satakunta,2009,29956.3,226237.0,34953.1,6777223443.099999,satakunta
Satakunta,2010,31847.0,225939.0,36083.7,7195479333.0,satakunta
Satakunta,2011,33724.6,225532.0,36721.6,7605976487.2,satakunta
Satakunta,2012,34671.2,225118.0,36888.5,7805111201.599999,satakunta
Satakunta,2013,34143.3,224745.0,35207.7,7673535958.500001,satakunta
Satakunta,2014,35164.0,224270.0,35692.7,7886230280.0,satakunta
Satakunta,2015,36178.0,223470.0,36178.0,8084697660.0,satakunta
Satakunta,2016,34955.6,222349.0,35378.7,7772342704.4,satakunta
Satakunta,2017,36167.8,221069.0,36399.9,7995579378.200001,satakunta
Satakunta,2018,36858.4,219511.0,35875.5,8090824242.400001,satakunta
Satakunta,2019,36564.9,217688.0,35101.9,7959739951.200001,satakunta
Satakunta,2020,37034.6,216084.0,34833.0,8002584506.4,satakunta
Satakunta,2021,39248.0,214849.0,35336.5,8432393552.0,satakunta
Satakunta,2022,42468.8,213419.0,36287.1,9063648827.2,satakunta
Satakunta,2023,46184.5,212148.0,39233.2,9797949306.0,satakunta
South Karelia,2000,25954.6,136412.0,31832.3,3540518895.2,south karelia
South Karelia,2001,26856.8,136230.0,31677.2,3658701864.0,south karelia
South Karelia,2002,26612.6,136001.0,32239.0,3619340212.6,south karelia
South Karelia,2003,27694.5,135649.0,34243.0,3756731230.5,south karelia
South Karelia,2004,27903.7,135210.0,34440.9,3772859277.0,south karelia
South Karelia,2005,27889.7,134876.0,33960.8,3761651177.2000003,south karelia
South Karelia,2006,28703.2,134614.0,34614.9,3863852564.8,south karelia
South Karelia,2007,31543.9,134170.0,37112.4,4232245063.0,south karelia
South Karelia,2008,31602.5,133773.0,36402.1,4227561232.5,south karelia
South Karelia,2009,28988.3,133429.0,32596.4,3867879880.7,south karelia
South Karelia,2010,31287.8,133055.0,34871.6,4162998229.0,south karelia
South Karelia,2011,35319.5,132713.0,38052.5,4687356803.5,south karelia
South Karelia,2012,35121.3,132441.0,37349.4,4651500093.3,south karelia
South Karelia,2013,35479.0,132304.0,36917.5,4694013616.0,south karelia
South Karelia,2014,37266.2,132008.0,38176.0,4919436529.599999,south karelia
South Karelia,2015,36577.3,131460.0,36577.3,4808451858.0,south karelia
South Karelia,2016,36455.6,130831.0,36527.5,4769522603.599999,south karelia
South Karelia,2017,38887.9,130186.0,38855.5,5062660149.400001,south karelia
South Karelia,2018,39219.9,129311.0,37430.6,5071564488.900001,south karelia
South Karelia,2019,38900.7,128257.0,37047.2,4989287079.9,south karelia
South Karelia,2020,37378.9,127339.0,36085.0,4759791747.1,south karelia
South Karelia,2021,41539.3,126514.0,38012.3,5255303000.200001,south karelia
South Karelia,2022,43680.1,125730.0,35699.4,5491898973.0,south karelia
South Karelia,2023,37688.1,125258.0,32018.2,4720736029.8,south karelia
South Ostrobothnia,2000,17770.9,201384.0,24948.0,3578774925.6000004,south ostrobothnia
South Ostrobothnia,2001,18789.6,200203.0,25339.1,3761734288.7999997,south ostrobothnia
South Ostrobothnia,2002,19287.6,199415.0,25600.8,3846236753.9999995,south ostrobothnia
South Ostrobothnia,2003,20298.9,199105.0,26692.7,4041612484.5000005,south ostrobothnia
South Ostrobothnia,2004,21197.0,199085.0,27524.7,4220004745.0,south ostrobothnia
South Ostrobothnia,2005,22170.7,199003.0,28407.8,4412035812.1,south ostrobothnia
South Ostrobothnia,2006,23398.3,198741.0,29889.6,4650201540.3,south ostrobothnia
South Ostrobothnia,2007,26219.4,198729.0,32220.0,5210555142.6,south ostrobothnia
South Ostrobothnia,2008,27038.3,198667.0,31692.8,5371617946.099999,south ostrobothnia
South Ostrobothnia,2009,25769.8,198490.0,29397.6,5115047602.0,south ostrobothnia
South Ostrobothnia,2010,26846.7,198473.0,30460.6,5328345089.1,south ostrobothnia
South Ostrobothnia,2011,28544.0,198570.0,31488.6,5667982080.0,south ostrobothnia
South Ostrobothnia,2012,29282.2,198808.0,30879.0,5821535617.6,south ostrobothnia
South Ostrobothnia,2013,29691.6,198888.0,30286.8,5905302940.799999,south ostrobothnia
South Ostrobothnia,2014,30191.5,198537.0,30333.1,5994129835.5,south ostrobothnia
South Ostrobothnia,2015,30080.7,197807.0,30080.7,5950173024.900001,south ostrobothnia
South Ostrobothnia,2016,30080.8,196972.0,29919.0,5925075337.599999,south ostrobothnia
South Ostrobothnia,2017,31720.9,196078.0,31390.6,6219770630.2,south ostrobothnia
South Ostrobothnia,2018,32190.7,194950.0,31245.2,6275576965.0,south ostrobothnia
South Ostrobothnia,2019,33884.6,193762.0,32240.5,6565547865.2,south ostrobothnia
South Ostrobothnia,2020,34185.9,192679.0,31724.9,6586905026.1,south ostrobothnia
South Ostrobothnia,2021,36042.7,191956.0,32880.2,6918612521.2,south ostrobothnia
South Ostrobothnia,2022,38398.4,191268.0,33725.2,7344385171.2,south ostrobothnia
South Ostrobothnia,2023,39673.1,190657.0,32616.0,7563954226.7,south ostrobothnia
South Savo,2000,17678.1,156726.0,25082.6,2770617900.6,south savo
South Savo,2001,18777.3,155548.0,25734.2,2920771460.4,south savo
South Savo,2002,19360.0,154421.0,25987.7,2989590560.0,south savo
South Savo,2003,20455.1,153415.0,26988.1,3138119166.5,south savo
South Savo,2004,21581.9,152568.0,28161.9,3292707319.2000003,south savo
South Savo,2005,22528.8,151783.0,28915.9,3419488850.4,south savo
South Savo,2006,23271.5,150933.0,29327.9,3512437309.5,south savo
South Savo,2007,25984.0,149752.0,31185.5,3891155968.0,south savo
South Savo,2008,25908.8,148462.0,29867.8,3846472265.6,south savo
South Savo,2009,24348.4,147436.0,27648.7,3589830702.4,south savo
South Savo,2010,25609.5,146573.0,28619.4,3753661243.5,south savo
South Savo,2011,26989.8,145760.0,29365.4,3934033248.0,south savo
South Savo,2012,28173.2,144873.0,29737.7,4081536003.6,south savo
South Savo,2013,28566.0,144016.0,29225.6,4113961056.0,south savo
South Savo,2014,29834.7,143192.0,30084.3,4272090362.4,south savo
South Savo,2015,29441.1,142184.0,29441.1,4186053362.3999996,south savo
South Savo,2016,30397.6,141022.0,30167.2,4286730347.2,south savo
South Savo,2017,31079.4,139622.0,30612.6,4339367986.8,south savo
South Savo,2018,32249.7,137648.0,31107.0,4439106705.6,south savo
South Savo,2019,32910.2,135394.0,31277.7,4455843618.799999,south savo
South Savo,2020,33034.8,133508.0,30816.8,4410410078.400001,south savo
South Savo,2021,34167.4,132195.0,30923.7,4516759443.0,south savo
South Savo,2022,37851.0,131070.0,32626.1,4961130570.0,south savo
South Savo,2023,38404.2,130183.0,31712.4,4999573968.599999,south savo
Southwest Finland,2000,26094.0,446323.0,32623.5,11646352362.0,southwest finland
Southwest Finland,2001,26551.8,448198.0,32123.5,11900463656.4,southwest finland
Southwest Finland,2002,29570.2,450131.0,35310.2,13310463696.2,southwest finland
Southwest Finland,2003,29065.6,451706.0,34673.2,13129105913.599998,southwest finland
Southwest Finland,2004,30627.2,453095.0,36193.2,13877031184.0,southwest finland
Southwest Finland,2005,31344.2,454665.0,36863.0,14251110693.0,southwest finland
Southwest Finland,2006,32924.9,456687.0,38626.2,15036373806.300001,southwest finland
Southwest Finland,2007,36024.5,458512.0,41298.0,16517665544.0,southwest finland
Southwest Finland,2008,36529.7,460206.0,41249.4,16811187118.199999,southwest finland
Southwest Finland,2009,33380.0,462046.0,37291.2,15423095480.0,southwest finland
Southwest Finland,2010,31680.0,464049.0,35557.1,14701072320.0,southwest finland
Southwest Finland,2011,33911.0,466200.0,37167.6,15809308200.0,southwest finland
Southwest Finland,2012,33863.1,468077.0,35792.1,15850538258.699999,southwest finland
Southwest Finland,2013,33902.3,469908.0,34848.5,15930961988.400002,southwest finland
Southwest Finland,2014,34387.2,471803.0,34827.4,16223984121.599998,southwest finland
Southwest Finland,2015,34417.8,473524.0,34417.8,16297654327.2,southwest finland
Southwest Finland,2016,36103.0,474933.0,35982.5,17146506099.0,southwest finland
Southwest Finland,2017,38440.6,476610.0,37949.1,18321174366.0,southwest finland
Southwest Finland,2018,39544.4,478130.0,38468.3,18907363972.0,southwest finland
Southwest Finland,2019,40404.6,478962.0,38646.1,19352268025.2,southwest finland
Southwest Finland,2020,39752.0,480372.0,37013.3,19095747744.0,southwest finland
Southwest Finland,2021,41181.0,482440.0,37754.7,19867361640.0,southwest finland
Southwest Finland,2022,44607.9,484522.0,39054.5,21613508923.8,southwest finland
Southwest Finland,2023,45556.1,488177.0,37779.9,22239440229.7,southwest finland
Uusimaa,2000,36270.1,1386956.0,46906.2,50305032815.6,uusimaa
Uusimaa,2001,38454.8,1401362.0,48341.6,53889095437.600006,uusimaa
Uusimaa,2002,38552.7,1414232.0,47716.2,54522462026.399994,uusimaa
Uusimaa,2003,38643.2,1424904.0,47641.8,55062850252.799995,uusimaa
Uusimaa,2004,40312.2,1434635.0,49286.3,57833293046.99999,uusimaa
Uusimaa,2005,41705.0,1445742.0,50578.2,60294670110.0,uusimaa
Uusimaa,2006,43989.1,1459768.0,52675.0,64213880528.799995,uusimaa
Uusimaa,2007,47355.2,1475586.0,55499.0,69876670147.2,uusimaa
Uusimaa,2008,48910.2,1492615.0,56083.7,73004098173.0,uusimaa
Uusimaa,2009,46620.1,1509612.0,52256.9,70378262401.2,uusimaa
Uusimaa,2010,47943.9,1524926.0,53753.7,73110899651.40001,uusimaa
Uusimaa,2011,48614.0,1540684.0,53317.4,74898811976.0,uusimaa
Uusimaa,2012,48536.8,1557947.0,51467.0,75617761949.6,uusimaa
Uusimaa,2013,49746.8,1576154.0,51652.4,78408617807.20001,uusimaa
Uusimaa,2014,49522.7,1594431.0,50598.8,78960528083.7,uusimaa
Uusimaa,2015,51046.2,1611825.0,51046.2,82277541315.0,uusimaa
Uusimaa,2016,51914.0,1629277.0,51898.0,84582286178.0,uusimaa
Uusimaa,2017,53512.8,1646959.0,53044.0,88133387575.20001,uusimaa
Uusimaa,2018,54982.0,1663324.0,53606.1,91452880168.0,uusimaa
Uusimaa,2019,56756.6,1680375.0,54497.8,95372371725.0,uusimaa
Uusimaa,2020,55424.5,1696202.0,52268.8,94011147749.0,uusimaa
Uusimaa,2021,57622.9,1708710.0,53445.6,98460825459.0,uusimaa
Uusimaa,2022,60396.7,1723887.0,52671.9,104117085972.9,uusimaa
Uusimaa,2023,62093.4,1746285.0,51733.0,108432773019.0,uusimaa
Åland,2000,31352.2,25741.0,42877.5,807036980.2,aland
Åland,2001,37019.8,25892.0,48490.9,958516661.6,aland
Åland,2002,37439.4,26133.0,47718.1,978403840.2,aland
Åland,2003,37726.9,26302.0,46703.2,992292923.8000001,aland
Åland,2004,38756.2,26439.0,47616.9,1024675171.8,aland
Åland,2005,39409.8,26648.0,48620.3,1050192350.4000001,aland
Åland,2006,40132.4,26845.0,48817.7,1077354278.0,aland
Åland,2007,40737.3,27038.0,48014.4,1101455117.4,aland
Åland,2008,39881.7,27305.0,44792.9,1088969818.5,aland
Åland,2009,41823.4,27595.0,47511.5,1154116723.0,aland
Åland,2010,41496.6,27871.0,47058.3,1156551738.6,aland
Åland,2011,42459.0,28181.0,47157.0,1196537079.0,aland
Åland,2012,45891.7,28428.0,49721.6,1304609247.6,aland
Åland,2013,46934.8,28584.0,50054.3,1341584323.2,aland
Åland,2014,47674.9,28791.0,49706.3,1372608045.9,aland
Åland,2015,47390.7,28950.0,47390.7,1371960765.0,aland
Åland,2016,46368.8,29099.0,46322.4,1349285711.2,aland
Åland,2017,46892.5,29352.0,46232.2,1376388660.0,aland
Åland,2018,43395.5,29639.0,42290.5,1286199224.5,aland
Åland,2019,45157.6,29837.0,43325.4,1347367311.2,aland
Åland,2020,39532.8,30007.0,37153.3,1186260729.6000001,aland
Åland,2021,44250.6,30237.0,41390.2,1338005392.2,aland
Åland,2022,48917.6,30352.0,42225.0,1484746995.2,aland
Åland,2023,53681.8,30450.0,43756.0,1634610810.0,aland
