file,region,sector_rows,years
Central Finland.xlsx,Central Finland,294,21
Central Ostrobothnia.xlsx,Central Ostrobothnia,294,21
Kainuu.xlsx,Kainuu,294,21
Kanta-Häme.xlsx,Kanta-Häme,294,21
Kymenlaakso.xlsx,Kymenlaakso,294,21
Lapland.xlsx,Lapland,294,21
North Karelia.xlsx,North Karelia,294,21
North Ostrobothnia.xlsx,North Ostrobothnia,294,21
North Savo.xlsx,North Savo,294,21
Ostrobothnia.xlsx,Ostrobothnia,294,21
Pirkanmaa.xlsx,Pirkanmaa,294,21
Päijät-Häme.xlsx,Päijät-Häme,294,21
Satakunta.xlsx,Satakunta,294,21
South Karelia.xlsx,South Karelia,294,21
South Ostrobothnia.xlsx,South Ostrobothnia,294,21
South Savo.xlsx,South Savo,294,21
Southwest Finland.xlsx,Southwest Finland,294,21
Uusimaa.xlsx,Uusimaa,294,21
Åland.xlsx,Åland,294,21
