region,year,total_ktco2e,per_capita_tco2e,population,gdp_per_capita_eur,population_gdp_source,gdp_per_capita_real_2015eur,gdp_total_eur,co2_tonnes_per_million_eur_gdp
Central Finland,1990,3512.0,13.8,254539.0,,,,,
Central Finland,2005,3252.1,12.2,266770.0,25611.6,265818.0,31657.1,6808024288.799999,477.6863098667387
Central Finland,2006,4146.0,15.5,266905.0,26733.1,266545.0,32708.0,7125574139.5,581.8478509706341
Central Finland,2007,4005.0,14.9,267998.0,29206.1,267452.0,34673.7,7811229857.2,512.7233576807872
Central Finland,2008,3414.6,12.7,269108.0,30453.9,268553.0,35099.6,8178486206.700001,417.5100273694517
Central Finland,2009,3268.7,12.1,270195.0,28472.4,269652.0,32086.8,7677639604.8,425.7428282979621
Central Finland,2010,3718.3,13.7,271083.0,27381.6,270639.0,30639.3,7410528842.4,501.7590618803635
Central Finland,2011,3192.1,11.7,271874.0,29368.7,271479.0,32065.4,7972985307.3,400.3644653750132
Central Finland,2012,2765.9,10.1,272723.0,30039.7,272299.0,31982.2,8179780270.3,338.13866737260884
Central Finland,2013,2830.4,10.4,272911.0,29780.5,272817.0,30840.8,8124626668.5,348.3729302878306
Central Finland,2014,2610.5,9.6,272986.0,30466.5,272949.0,30981.8,8315800708.5,313.92046196245127
Central Finland,2015,2391.3,8.7,273446.0,31730.4,273216.0,31730.4,8669252966.4,275.83691573750593
Central Finland,2016,2519.2,9.2,273910.0,32743.0,273678.0,32519.8,8961038754.0,281.12812243731094
Central Finland,2017,2387.3,8.7,273779.0,33816.4,273845.0,33360.1,9260452058.0,257.795190239945
Central Finland,2018,2507.9,9.2,273283.0,35405.7,273531.0,33968.8,9684556526.699999,258.95868262896744
Central Finland,2019,2293.9,8.4,272898.0,35809.8,273091.0,33852.7,9779334091.800001,234.56607356562668
Central Finland,2020,2022.9,7.4,272617.0,35079.4,272758.0,32824.4,9568186985.2,211.41936326380394
Central Finland,2021,1909.7,7.0,272683.0,37388.2,272650.0,34227.3,10193892730.0,187.33765898672547
Central Finland,2022,1761.0,6.5,272437.0,40637.5,272560.0,35347.8,11076157000.0,158.9901623821331
Central Finland,2023,1578.4,5.8,273271.0,40167.7,272854.0,33785.1,10959917615.8,144.01568107816362
Central Finland,2024,1495.6,5.5,274112.0,,,,,
Central Ostrobothnia,1990,1177.1,17.3,68214.0,,,,,
Central Ostrobothnia,2005,1284.4,19.0,67612.0,23873.0,67491.0,31438.3,1611212643.0,797.1635560210782
Central Ostrobothnia,2006,1607.7,23.8,67632.0,27712.6,67622.0,35608.2,1873981437.1999998,857.906043296852
Central Ostrobothnia,2007,1527.8,22.5,67898.0,29713.8,67765.0,36342.1,2013555657.0,758.7572733282534
Central Ostrobothnia,2008,1370.8,20.2,67991.0,32043.2,67945.0,36161.5,2177175224.0,629.6231855337336
Central Ostrobothnia,2009,1313.5,19.3,68131.0,28868.1,68061.0,33995.3,1964791754.1,668.5186851273543
Central Ostrobothnia,2010,1501.2,22.0,68321.0,30571.8,68226.0,34332.1,2085791626.8,719.7267362239465
Central Ostrobothnia,2011,1258.9,18.4,68484.0,33251.0,68403.0,35692.4,2274468153.0,553.4920321216738
Central Ostrobothnia,2012,1133.5,16.5,68610.0,32571.3,68547.0,33995.5,2232664901.1,507.6892638216966
Central Ostrobothnia,2013,1176.2,17.1,68677.0,32638.1,68644.0,33448.4,2240409736.4,524.9932549793217
Central Ostrobothnia,2014,1115.6,16.2,68832.0,34545.2,68755.0,34801.0,2375155226.0,469.6956172749949
Central Ostrobothnia,2015,1032.2,15.0,69032.0,35158.2,68932.0,35158.2,2423525042.3999996,425.9085348578943
Central Ostrobothnia,2016,1094.5,15.9,69027.0,34360.6,69030.0,35202.6,2371912218.0,461.44203469843586
Central Ostrobothnia,2017,1027.4,14.9,68780.0,36677.6,68904.0,37082.3,2527233350.4,406.5315139329684
Central Ostrobothnia,2018,1054.9,15.4,68437.0,37691.3,68609.0,36638.6,2585962401.7000003,407.93323186234784
Central Ostrobothnia,2019,982.9,14.4,68158.0,37646.5,68298.0,36128.4,2571180657.0,382.2757445394083
Central Ostrobothnia,2020,903.8,13.3,67988.0,38099.4,68073.0,35560.5,2593540456.2000003,348.481165134485
Central Ostrobothnia,2021,885.4,13.0,67915.0,38338.0,67952.0,34034.0,2605143776.0,339.86607885399104
Central Ostrobothnia,2022,848.7,12.5,67805.0,40380.7,67860.0,33267.1,2740234302.0,309.7180410377915
Central Ostrobothnia,2023,772.3,11.4,67736.0,45675.7,67771.0,38078.6,3095487864.7,249.49217498381236
Central Ostrobothnia,2024,743.7,11.0,67723.0,,,,,
Kainuu,1990,1384.8,15.0,92459.0,,,,,
Kainuu,2005,1104.7,13.5,81585.0,21057.0,81900.0,26541.4,1724568300.0,640.5661057320838
Kainuu,2006,1432.2,17.7,80738.0,22930.0,81162.0,28422.7,1861044660.0,769.5677759823345
Kainuu,2007,1326.1,16.5,80218.0,24048.5,80478.0,28687.8,1935375183.0,685.1901438275288
Kainuu,2008,1072.4,13.5,79690.0,25513.2,79954.0,29477.3,2039882392.8,525.7165823800232
Kainuu,2009,849.1,10.7,79234.0,22708.5,79462.0,26139.6,1804462827.0,470.55555110085953
Kainuu,2010,963.7,12.2,78703.0,24902.0,78969.0,27628.0,1966486038.0,490.0619589346914
Kainuu,2011,900.8,11.6,77984.0,26455.1,78344.0,28529.6,2072598354.3999999,434.62352369799794
Kainuu,2012,854.6,11.0,77435.0,26707.9,77710.0,28280.0,2075470909.0,411.76197473746424
Kainuu,2013,824.0,10.7,76782.0,25493.1,77109.0,26217.3,1965747447.8999999,419.1789748374217
Kainuu,2014,738.2,9.7,76119.0,26532.4,76451.0,26778.4,2028428512.4,363.92704770580013
Kainuu,2015,685.1,9.1,75324.0,26235.2,75722.0,26235.2,1986581814.4,344.8637227190757
Kainuu,2016,745.2,10.0,74803.0,27928.0,75064.0,27872.5,2096387392.0,355.46865185497165
Kainuu,2017,735.6,9.9,73959.0,30238.2,74381.0,29703.7,2249147554.2000003,327.05724381059815
Kainuu,2018,764.4,10.5,73061.0,32054.5,73510.0,30944.5,2356326295.0,324.4032889765804
Kainuu,2019,732.7,10.1,72306.0,32771.3,72684.0,30878.0,2381949169.2000003,307.60522074704227
Kainuu,2020,684.6,9.6,71664.0,33797.5,71985.0,31096.1,2432913037.5,281.3910688330552
Kainuu,2021,672.9,9.4,71255.0,35109.9,71460.0,31112.0,2508953454.0,268.1994753339095
Kainuu,2022,664.4,9.4,70521.0,42144.7,70888.0,34362.3,2987553493.6,222.3893233789091
Kainuu,2023,580.5,8.3,70164.0,37805.3,70343.0,30806.2,2659338217.9,218.2873904840895
Kainuu,2024,554.9,8.0,69639.0,,,,,
Kanta-Häme,1990,1843.0,11.4,162248.0,,,,,
Kanta-Häme,2005,1742.8,10.4,168381.0,25497.5,168006.0,31997.7,4283732985.0,406.8414175446092
Kanta-Häme,2006,1993.7,11.7,169952.0,26220.6,169167.0,32623.4,4435660240.2,449.4708548529645
Kanta-Häme,2007,1973.6,11.5,171449.0,27819.6,170701.0,33312.3,4748833539.599999,415.5967952008356
Kanta-Häme,2008,1766.0,10.2,173041.0,30068.9,172245.0,34175.2,5179217680.5,340.9781378081624
Kanta-Häme,2009,1720.1,9.9,173828.0,26727.5,173435.0,29867.8,4635483962.5,371.07236567210964
Kanta-Häme,2010,1896.4,10.9,174555.0,27403.4,174192.0,30736.7,4773453052.8,397.2805386422758
Kanta-Häme,2011,1681.5,9.6,175230.0,29420.3,174893.0,32048.7,5145404527.9,326.7964629180036
Kanta-Häme,2012,1560.0,8.9,175472.0,32010.2,175351.0,33868.9,5613020580.2,277.9252236314471
Kanta-Häme,2013,1573.9,9.0,175481.0,31740.2,175477.0,32610.3,5569675075.400001,282.583809413149
Kanta-Häme,2014,1444.2,8.2,175350.0,31335.8,175416.0,31710.9,5496800692.8,262.7346488825199
Kanta-Häme,2015,1359.4,7.8,174710.0,31491.3,175030.0,31491.3,5511922239.0,246.62902360658646
Kanta-Häme,2016,1437.3,8.3,173781.0,32119.7,174246.0,32199.6,5596729246.2,256.810707964099
Kanta-Häme,2017,1376.3,8.0,172720.0,33124.4,173251.0,32863.7,5738835424.400001,239.82217614192922
Kanta-Häme,2018,1392.3,8.1,171364.0,33256.0,172042.0,32565.7,5721428752.0,243.34830692653534
Kanta-Häme,2019,1301.6,7.6,170925.0,34667.5,171145.0,33559.4,5933169287.5,219.37685188626097
Kanta-Häme,2020,1197.7,7.0,170577.0,35522.7,170751.0,33940.3,6065536547.7,197.45986040660455
Kanta-Häme,2021,1198.8,7.0,170213.0,37967.0,170395.0,34788.6,6469386965.0,185.30349266253856
Kanta-Häme,2022,1128.8,6.7,169537.0,38825.3,169875.0,33822.4,6595447837.500001,171.14834774098838
Kanta-Häme,2023,1063.8,6.3,169547.0,41105.3,169542.0,34870.7,6969074772.6,152.6458008719457
Kanta-Häme,2024,1036.4,6.1,169455.0,,,,,
Kymenlaakso,1990,4309.5,23.2,186030.0,,,,,
Kymenlaakso,2005,3069.7,17.3,177931.0,31270.8,178068.0,38448.6,5568328814.4,551.278507846302
Kymenlaakso,2006,3978.6,22.5,176995.0,31359.5,177463.0,38214.3,5565150948.5,714.9132228070777
Kymenlaakso,2007,3710.7,21.0,176356.0,31679.1,176676.0,37650.4,5596936671.599999,662.9876694565529
Kymenlaakso,2008,3095.1,17.6,175661.0,30890.4,176009.0,35714.8,5436988413.6,569.2673525398664
Kymenlaakso,2009,2842.9,16.2,175556.0,28153.3,175532.0,31760.2,4941805055.599999,575.275626621179
Kymenlaakso,2010,3298.1,18.8,175377.0,29363.5,175467.0,32859.3,5152325254.5,640.1187497080984
Kymenlaakso,2011,2896.5,16.6,174827.0,31763.2,175102.0,34511.8,5561799846.400001,520.784652449301
Kymenlaakso,2012,2299.6,13.2,174466.0,32034.9,174647.0,34121.3,5594799180.3,411.0245829907862
Kymenlaakso,2013,2377.3,13.7,173864.0,32115.4,174165.0,33462.5,5593378641.0,425.02039511041926
Kymenlaakso,2014,2159.7,12.5,172908.0,32837.7,173386.0,33580.0,5693597452.2,379.3208104597374
Kymenlaakso,2015,1998.0,11.6,171778.0,34903.2,172343.0,34903.2,6015322197.599999,332.151784121749
Kymenlaakso,2016,1983.6,11.6,170770.0,34794.8,171274.0,34906.3,5959444575.200001,332.84981091269395
Kymenlaakso,2017,1870.3,11.1,168691.0,37371.4,169731.0,37364.1,6343085093.400001,294.85652051965263
Kymenlaakso,2018,1918.4,11.5,166623.0,39846.3,167657.0,38482.6,6680511119.1,287.1636564626281
Kymenlaakso,2019,1715.6,10.4,164456.0,41287.3,165540.0,39504.7,6834699642.000001,251.01322513976243
Kymenlaakso,2020,1532.0,9.4,162812.0,41506.5,163634.0,39727.6,6791874621.0,225.56364560428773
Kymenlaakso,2021,1652.5,10.2,161391.0,42936.9,162102.0,39657.3,6960157363.8,237.4227928515963
Kymenlaakso,2022,1499.0,9.4,159488.0,44142.6,160440.0,37491.2,7082238744.0,211.65623670480431
Kymenlaakso,2023,1181.0,7.4,158658.0,42840.4,159073.0,36602.8,6814750949.2,173.300537144155
Kymenlaakso,2024,1201.6,7.6,157442.0,,,,,
Lapland,1990,3201.5,16.0,200674.0,,,,,
Lapland,2005,3574.1,19.2,185800.0,25095.5,186122.0,29854.6,4670824651.0,765.1967836632025
Lapland,2006,4391.1,23.7,184935.0,28565.8,185368.0,33794.0,5295185214.4,829.2627778266597
Lapland,2007,4068.6,22.1,184390.0,28257.1,184663.0,31900.0,5218040857.3,779.7179269510814
Lapland,2008,3690.7,20.1,183963.0,29282.1,184177.0,30296.6,5393089331.7,684.3387477946011
Lapland,2009,3312.0,18.0,183748.0,27032.7,183856.0,28267.5,4970124091.2,666.3817520902868
Lapland,2010,4086.0,22.3,183488.0,28732.2,183618.0,30566.1,5275749099.6,774.4871719373074
Lapland,2011,3598.7,19.6,183330.0,29718.9,183409.0,30363.5,5450713730.1,660.2254637089476
Lapland,2012,3287.0,18.0,182844.0,31213.7,183087.0,31984.6,5714822691.900001,575.1709505631529
Lapland,2013,3636.1,19.9,182514.0,32764.5,182679.0,33110.1,5985386095.5,607.496315523193
Lapland,2014,3475.7,19.1,181748.0,33009.1,182131.0,33135.2,6011980392.099999,578.1289647197152
Lapland,2015,3240.6,17.9,180858.0,34671.4,181303.0,34671.4,6286028834.2,515.5242022386332
Lapland,2016,3456.0,19.2,180207.0,35623.9,180533.0,36418.0,6431289538.7,537.3727895787731
Lapland,2017,3291.3,18.4,179223.0,38040.4,179715.0,37963.2,6836430486.0,481.43545183997645
Lapland,2018,3277.3,18.4,178522.0,38212.6,178873.0,37720.9,6835202399.8,479.47373147222305
Lapland,2019,3078.1,17.4,177161.0,38188.6,177842.0,37910.2,6791537001.2,453.22583083271564
Lapland,2020,2733.7,15.5,176665.0,38277.2,176913.0,38271.9,6771734283.599999,403.69274479959455
Lapland,2021,2511.5,14.2,176494.0,39167.2,176580.0,35443.7,6916144175.999999,363.1358653157147
Lapland,2022,2298.8,13.1,175795.0,46665.3,176145.0,36942.9,8219859268.500001,279.6641554204487
Lapland,2023,2041.7,11.6,176150.0,44869.7,175973.0,37976.7,7895855718.099999,258.5786864518973
Lapland,2024,1827.0,10.4,176151.0,,,,,
North Karelia,1990,2080.0,11.4,182200.0,,,,,
North Karelia,2005,1825.1,10.6,172633.0,23104.1,172824.0,28829.0,3992942978.3999996,457.0814083429086
North Karelia,2006,2140.8,12.5,171758.0,24552.4,172196.0,30431.3,4227825070.4,506.3596445813819
North Karelia,2007,2032.5,11.9,170896.0,25472.6,171327.0,30371.8,4364144140.2,465.7270554557931
North Karelia,2008,1804.3,10.6,170194.0,25804.0,170545.0,29732.5,4400743180.0,409.99893113508153
North Karelia,2009,1724.2,10.1,169937.0,23862.2,170066.0,26981.5,4058148905.2000003,424.87351752683537
North Karelia,2010,2005.8,11.8,169778.0,24923.5,169858.0,27902.4,4233455863.0,473.7973100252445
North Karelia,2011,1843.2,10.9,169733.0,27907.5,169756.0,30436.2,4737465570.0,389.0687906360869
North Karelia,2012,1648.5,9.7,169496.0,27776.7,169615.0,29447.8,4711344970.5,349.90008380240727
North Karelia,2013,1727.6,10.2,169112.0,28679.5,169304.0,29543.8,4855554068.0,355.79873600534273
North Karelia,2014,1617.7,9.6,168896.0,29585.1,169004.0,29924.2,5000000240.4,323.53998444419756
North Karelia,2015,1522.5,9.0,168329.0,29068.8,168613.0,29068.8,4901377574.4,310.6269567870164
North Karelia,2016,1597.0,9.5,167599.0,30174.8,167964.0,30027.5,5068280107.2,315.0970282268538
North Karelia,2017,1504.1,9.0,166441.0,30573.3,167020.0,30309.6,5106352566.0,294.55467098274
North Karelia,2018,1530.2,9.2,165569.0,32994.7,166005.0,31937.5,5477285173.499999,279.3719792796909
North Karelia,2019,1429.3,8.7,164465.0,33428.7,165017.0,31839.6,5516303787.9,259.1046568419902
North Karelia,2020,1321.4,8.1,163537.0,32441.6,164001.0,30495.8,5320454841.599999,248.36222453541595
North Karelia,2021,1310.1,8.0,163281.0,35017.0,163409.0,31634.4,5722092953.0,228.95468681841945
North Karelia,2022,1221.2,7.5,162540.0,37992.4,162911.0,32647.0,6189379876.400001,197.30571145849598
North Karelia,2023,1101.5,6.8,162321.0,37688.0,162431.0,31320.8,6121699528.0,179.93369242672833
North Karelia,2024,1075.0,6.6,162091.0,,,,,
North Ostrobothnia,1990,5876.3,16.8,350799.0,,,,,
North Ostrobothnia,2005,7608.7,19.8,384808.0,29820.8,383300.0,34600.2,11430312640.0,665.6598327305245
North Ostrobothnia,2006,8559.6,22.1,387320.0,29694.0,386064.0,34413.1,11463784416.0,746.6644250613583
North Ostrobothnia,2007,8369.1,21.5,390038.0,32443.9,388679.0,36660.5,12610262608.1,663.6737283031872
North Ostrobothnia,2008,6757.0,17.2,392652.0,33475.4,391345.0,37050.5,13100430413.0,515.7845801230164
North Ostrobothnia,2009,6868.7,17.4,395510.0,29492.1,394081.0,32749.6,11622276260.099998,590.9943840846976
North Ostrobothnia,2010,7809.0,19.6,398335.0,30689.3,396923.0,34147.4,12181289023.9,641.0651602370277
North Ostrobothnia,2011,7277.5,18.1,401201.0,31249.3,399768.0,33580.9,12492470162.4,582.5509211063729
North Ostrobothnia,2012,6624.4,16.4,403920.0,31607.1,402561.0,33224.3,12723785783.099998,520.6312109402744
North Ostrobothnia,2013,6700.8,16.5,406480.0,31787.8,405200.0,32626.5,12880416560.0,520.2316220741855
North Ostrobothnia,2014,6553.5,16.0,408536.0,31461.1,407508.0,31777.8,12820649938.8,511.1675329475068
North Ostrobothnia,2015,6276.9,15.3,410054.0,30722.1,409295.0,30722.1,12574401919.5,499.1807992287867
North Ostrobothnia,2016,6002.3,14.6,411150.0,32800.4,410602.0,32884.4,13467909840.800001,445.6742041602099
North Ostrobothnia,2017,5794.4,14.1,411856.0,33819.4,411503.0,33498.2,13916784558.2,416.3605447628952
North Ostrobothnia,2018,5710.0,13.9,412161.0,34444.4,412009.0,33424.7,14191402799.6,402.3562772921182
North Ostrobothnia,2019,5336.6,12.9,412830.0,35958.2,412496.0,34429.8,14832613667.199999,359.788242297516
North Ostrobothnia,2020,4823.2,11.7,413830.0,36433.7,413330.0,34302.9,15059141220.999998,320.28386806506865
North Ostrobothnia,2021,5158.9,12.4,415603.0,39159.1,414717.0,35694.7,16239944474.699999,317.66734227675374
North Ostrobothnia,2022,4561.7,11.0,416543.0,41654.2,416073.0,35612.7,17331187956.6,263.2075776584507
North Ostrobothnia,2023,4718.0,11.3,418205.0,42483.9,417374.0,35724.1,17731675278.600002,266.0775096470472
North Ostrobothnia,2024,4610.0,11.0,418331.0,,,,,
North Savo,1990,3192.1,12.0,265040.0,,,,,
North Savo,2005,3049.3,11.9,255683.0,24076.4,256212.0,30844.6,6168662596.8,494.32108696977974
North Savo,2006,3669.9,14.4,255094.0,24992.9,255389.0,31580.4,6382911738.1,574.9570338085888
North Savo,2007,3510.8,13.8,254367.0,27091.2,254731.0,32971.0,6900968467.2,508.7401886686888
North Savo,2008,3171.5,12.5,253899.0,28875.0,254133.0,33680.6,7338090375.0,432.19691199292436
North Savo,2009,3077.9,12.1,253605.0,26360.8,253752.0,30115.5,6689105721.599999,460.1362466227821
North Savo,2010,3395.2,13.4,253337.0,27660.3,253471.0,31206.1,7011083901.3,484.26178431133303
North Savo,2011,2942.1,11.6,253472.0,30001.1,253405.0,32847.4,7602428745.5,386.99474845344344
North Savo,2012,2728.4,10.8,253524.0,29968.1,253498.0,31800.4,7596853413.799999,359.1486963594359
North Savo,2013,2712.7,10.7,253643.0,30119.2,253584.0,31092.6,7637747212.8,355.17017314396344
North Savo,2014,2475.2,9.8,253585.0,30842.8,253614.0,31206.2,7822165879.2,316.4340974386428
North Savo,2015,2373.8,9.4,253239.0,31361.6,253412.0,31361.6,7947405779.2,298.6886621811515
North Savo,2016,2490.0,9.8,252815.0,32053.9,253027.0,31921.8,8110502155.3,307.00935063223557
North Savo,2017,2350.1,9.3,251570.0,33681.4,252193.0,33291.3,8494213310.200001,276.6707067713921
North Savo,2018,2419.7,9.7,250414.0,35220.2,250992.0,34060.5,8839988438.4,273.7220774508112
North Savo,2019,2258.4,9.1,249003.0,36065.6,249709.0,34244.1,9005904910.4,250.7688036314934
North Savo,2020,2139.8,8.6,248265.0,35762.4,248634.0,33382.0,8891748561.6,240.6500796975932
North Savo,2021,2165.8,8.7,248363.0,37853.5,248314.0,34307.4,9399553999.0,230.41518780895512
North Savo,2022,2014.4,8.1,247689.0,42190.9,248026.0,36221.5,10464440163.4,192.49954785402508
North Savo,2023,1877.9,7.6,248190.0,41361.4,247940.0,34374.5,10255145516.0,183.1178306607268
North Savo,2024,1813.2,7.3,248815.0,,,,,
Ostrobothnia,1990,2474.8,14.8,167108.0,,,,,
Ostrobothnia,2005,2412.7,14.3,168583.0,29309.3,168472.0,36908.8,4937796389.599999,488.6187703246808
Ostrobothnia,2006,2784.2,16.5,169170.0,30575.7,168877.0,38299.4,5163532488.900001,539.2045089258506
Ostrobothnia,2007,2776.2,16.3,169971.0,33754.3,169571.0,41298.7,5723750405.3,485.0316319574893
Ostrobothnia,2008,2454.3,14.4,170994.0,35600.9,170483.0,41726.9,6069348234.7,404.37620401613236
Ostrobothnia,2009,2320.9,13.5,172085.0,34415.6,171540.0,38391.6,5903652024.0,393.12953923518717
Ostrobothnia,2010,2581.4,14.9,172981.0,37355.2,172533.0,41239.2,6445004721.599999,400.5272473034212
Ostrobothnia,2011,2259.2,13.0,174170.0,37959.0,173576.0,41543.2,6588771384.0,342.88638477974547
Ostrobothnia,2012,2091.9,12.0,174777.0,38685.5,174474.0,41413.0,6749613927.0,309.92883780091796
Ostrobothnia,2013,2103.5,12.0,175530.0,38498.2,175154.0,39611.8,6743113722.799999,311.9478754877867
Ostrobothnia,2014,1942.8,11.0,176314.0,38482.3,175922.0,38901.8,6769883180.6,286.9768869228573
Ostrobothnia,2015,1765.5,10.0,176894.0,38897.3,176604.0,38897.3,6869418769.200001,257.0086435719811
Ostrobothnia,2016,1840.3,10.4,176729.0,38584.7,176812.0,38372.2,6822237976.4,269.75019141315573
Ostrobothnia,2017,1745.4,9.9,176272.0,39225.9,176501.0,38841.2,6923410575.900001,252.10118349410598
Ostrobothnia,2018,1821.6,10.3,176193.0,40432.1,176233.0,39037.2,7125470279.3,255.64628418869108
Ostrobothnia,2019,1707.6,9.7,175923.0,41195.8,176058.0,39120.9,7252850156.400001,235.43847772633129
Ostrobothnia,2020,1526.5,8.7,175816.0,40232.3,175870.0,37568.4,7075654601.000001,215.7397564013738
Ostrobothnia,2021,1561.9,8.9,176041.0,44224.1,175929.0,40805.0,7780301688.9,200.75057015184018
Ostrobothnia,2022,1460.8,8.3,176323.0,46377.6,176182.0,40507.1,8170898323.2,178.78083194993195
Ostrobothnia,2023,1325.7,7.5,177602.0,49187.3,176963.0,40664.9,8704332169.9,152.3034707457896
Ostrobothnia,2024,1300.1,7.3,178749.0,,,,,
Pirkanmaa,1990,4695.1,10.9,430651.0,,,,,
Pirkanmaa,2005,4546.4,9.6,471409.0,31234.4,470007.0,37279.5,14680386640.800001,309.6921158305573
Pirkanmaa,2006,5433.2,11.4,476221.0,31899.4,474107.0,38026.4,15123728835.800001,359.2500274891764
Pirkanmaa,2007,5311.2,11.1,480634.0,34830.6,478428.0,40630.5,16663934296.8,318.7242523525743
Pirkanmaa,2008,4776.1,9.9,484638.0,36086.9,482636.0,41332.0,17416837068.4,274.2231543674168
Pirkanmaa,2009,4481.3,9.2,488295.0,32215.5,486467.0,36188.9,15671777638.5,285.947140354457
Pirkanmaa,2010,5026.4,10.2,491746.0,33356.1,490021.0,37346.0,16345189478.099998,307.51555414726704
Pirkanmaa,2011,4423.5,8.9,495242.0,35958.7,493494.0,39347.6,17745402697.8,249.27583077888713
Pirkanmaa,2012,4142.7,8.3,499006.0,35345.6,497124.0,37637.3,17571146054.399998,235.7672053475775
Pirkanmaa,2013,4141.4,8.2,502575.0,34972.6,500791.0,36093.3,17513963326.6,236.46275390505647
Pirkanmaa,2014,3895.8,7.7,505756.0,34596.1,504166.0,35085.8,17442177352.6,223.35514203559435
Pirkanmaa,2015,3562.5,7.0,508448.0,34608.1,507102.0,34608.1,17549836726.2,202.99334150964347
Pirkanmaa,2016,3706.0,7.2,511642.0,35947.5,510045.0,35692.0,18334842637.5,202.12881415301428
Pirkanmaa,2017,3478.6,6.8,514333.0,37247.0,512988.0,36752.3,19107264036.0,182.05641547873986
Pirkanmaa,2018,3529.2,6.8,517333.0,38781.9,515833.0,37597.0,20004983822.7,176.41603868708737
Pirkanmaa,2019,3321.2,6.4,519872.0,39863.9,518603.0,37991.2,20673538131.7,160.64981131156264
Pirkanmaa,2020,3055.7,5.8,522852.0,40148.2,521362.0,37712.7,20931745848.399998,145.98400067204975
Pirkanmaa,2021,3088.9,5.9,527478.0,41910.2,525165.0,38776.3,22009770183.0,140.34221958327478
Pirkanmaa,2022,2873.8,5.4,532671.0,44119.8,530075.0,39133.1,23386802985.0,122.8812677749592
Pirkanmaa,2023,2574.0,4.8,539309.0,45705.5,535990.0,38857.2,24497690945.0,105.07112714332597
Pirkanmaa,2024,2464.5,4.5,545406.0,,,,,
Päijät-Häme,1990,2120.3,10.3,204901.0,,,,,
Päijät-Häme,2005,2068.0,10.0,206240.0,25006.1,206131.0,31694.0,5154532399.099999,401.20031069376546
Päijät-Häme,2006,2388.8,11.6,206481.0,25399.4,206361.0,31820.4,5241445583.400001,455.75213211513346
Päijät-Häme,2007,2345.0,11.3,207269.0,26594.8,206875.0,32106.1,5501799250.0,426.22420292779674
Päijät-Häme,2008,2107.5,10.1,207940.0,28140.5,207605.0,32647.9,5842108502.5,360.74304321772564
Päijät-Häme,2009,2053.5,9.9,208331.0,26033.0,208127.0,29439.3,5418170191.0,379.00249117516137
Päijät-Häme,2010,2310.3,11.1,208777.0,27711.1,208554.0,31199.4,5779260749.4,399.75701048613433
Päijät-Häme,2011,2095.3,10.0,209238.0,29281.5,209008.0,32123.3,6120067752.0,342.3654908583764
Päijät-Häme,2012,1879.7,9.0,209503.0,30547.0,209371.0,32526.3,6395655937.0,293.9026142925549
Päijät-Häme,2013,1866.7,8.9,209405.0,29858.5,209454.0,30785.1,6253982259.0,298.48181889445937
Päijät-Häme,2014,1727.2,8.3,208959.0,30513.9,209182.0,30866.5,6382958629.8,270.5955185008177
Päijät-Häme,2015,1615.5,7.7,208525.0,30755.5,208742.0,30755.5,6419964581.0,251.63690229399413
Päijät-Häme,2016,1696.7,8.1,208574.0,31679.5,208550.0,31431.2,6606759725.0,256.81272978335835
Päijät-Häme,2017,1623.8,7.8,208048.0,32139.8,208311.0,31740.3,6695073877.8,242.53653202906557
Päijät-Häme,2018,1654.4,8.0,207394.0,32759.5,207721.0,31870.2,6804836099.5,243.12121200414518
Päijät-Häme,2019,1451.8,7.0,206315.0,32905.6,206855.0,31397.4,6806687888.0,213.2902263022053
Päijät-Häme,2020,1261.5,6.1,205771.0,32745.5,206043.0,30706.0,6746981056.5,186.97251251130737
Päijät-Häme,2021,1287.9,6.3,205124.0,34467.9,205448.0,31484.3,7081361119.200001,181.871815081999
Päijät-Häme,2022,1211.4,5.9,204528.0,37686.7,204826.0,32820.0,7719216014.2,156.93303539783716
Päijät-Häme,2023,1148.7,5.6,204479.0,37213.3,204504.0,31091.0,7610268703.200001,150.94079391927244
Päijät-Häme,2024,1108.8,5.4,204635.0,,,,,
Satakunta,1990,3380.4,14.0,240777.0,,,,,
Satakunta,2005,3385.5,14.8,228675.0,27884.1,229032.0,36818.4,6386351191.2,530.1149120432042
Satakunta,2006,4145.7,18.2,228051.0,29245.8,228363.0,38062.5,6678658625.4,620.7384195732425
Satakunta,2007,4013.7,17.7,227131.0,31059.4,227591.0,39027.4,7068839905.400001,567.8017968597464
Satakunta,2008,3393.5,15.0,226358.0,32021.8,226745.0,37461.1,7260783041.0,467.3738329375321
Satakunta,2009,3303.2,14.6,226116.0,29956.3,226237.0,34953.1,6777223443.099999,487.3972398479854
Satakunta,2010,3733.3,16.5,225762.0,31847.0,225939.0,36083.7,7195479333.0,518.8396529579747
Satakunta,2011,3236.0,14.4,225302.0,33724.6,225532.0,36721.6,7605976487.2,425.45490450119365
Satakunta,2012,2875.9,12.8,224934.0,34671.2,225118.0,36888.5,7805111201.599999,368.4636804931694
Satakunta,2013,2951.7,13.1,224556.0,34143.3,224745.0,35207.7,7673535958.500001,384.65969482170635
Satakunta,2014,2672.7,11.9,223983.0,35164.0,224270.0,35692.7,7886230280.0,338.9071717545636
Satakunta,2015,2461.1,11.0,222957.0,36178.0,223470.0,36178.0,8084697660.0,304.4145994693882
Satakunta,2016,2621.1,11.8,221740.0,34955.6,222349.0,35378.7,7772342704.4,337.234229071779
Satakunta,2017,2373.5,10.8,220398.0,36167.8,221069.0,36399.9,7995579378.200001,296.85153354506906
Satakunta,2018,2433.5,11.1,218624.0,36858.4,219511.0,35875.5,8090824242.400001,300.77281709411415
Satakunta,2019,2231.8,10.3,216752.0,36564.9,217688.0,35101.9,7959739951.200001,280.3860444791964
Satakunta,2020,1895.6,8.8,215416.0,37034.6,216084.0,34833.0,8002584506.4,236.8734748735249
Satakunta,2021,1881.4,8.8,214281.0,39248.0,214849.0,35336.5,8432393552.0,223.11577233652343
Satakunta,2022,1799.9,8.5,212556.0,42468.8,213419.0,36287.1,9063648827.2,198.58448118582243
Satakunta,2023,1652.8,7.8,211740.0,46184.5,212148.0,39233.2,9797949306.0,168.68836002120054
Satakunta,2024,1615.6,7.6,211261.0,,,,,
South Karelia,1990,2845.7,20.3,140244.0,,,,,
South Karelia,2005,2638.3,19.6,134786.0,27889.7,134876.0,33960.8,3761651177.2000003,701.3675313626046
South Karelia,2006,3460.8,25.7,134441.0,28703.2,134614.0,34614.9,3863852564.8,895.6863498178371
South Karelia,2007,3274.1,24.5,133899.0,31543.9,134170.0,37112.4,4232245063.0,773.6083216502531
South Karelia,2008,2858.5,21.4,133647.0,31602.5,133773.0,36402.1,4227561232.5,676.1581542627603
South Karelia,2009,2644.6,19.9,133210.0,28988.3,133429.0,32596.4,3867879880.7,683.7337460235158
South Karelia,2010,3047.4,22.9,132899.0,31287.8,133055.0,34871.6,4162998229.0,732.020489168457
South Karelia,2011,2640.8,19.9,132527.0,35319.5,132713.0,38052.5,4687356803.5,563.3878773700654
South Karelia,2012,2224.5,16.8,132355.0,35121.3,132441.0,37349.4,4651500093.3,478.23281852754553
South Karelia,2013,2329.4,17.6,132252.0,35479.0,132304.0,36917.5,4694013616.0,496.24909311298427
South Karelia,2014,2104.7,16.0,131764.0,37266.2,132008.0,38176.0,4919436529.599999,427.83355112646075
South Karelia,2015,1863.3,14.2,131155.0,36577.3,131460.0,36577.3,4808451858.0,387.5051794269206
South Karelia,2016,1964.7,15.1,130506.0,36455.6,130831.0,36527.5,4769522603.599999,411.92801948712
South Karelia,2017,1769.9,13.6,129865.0,38887.9,130186.0,38855.5,5062660149.400001,349.5988171771236
South Karelia,2018,2012.6,15.6,128756.0,39219.9,129311.0,37430.6,5071564488.900001,396.84006866222927
South Karelia,2019,1744.9,13.7,127757.0,38900.7,128257.0,37047.2,4989287079.9,349.72932446191754
South Karelia,2020,1578.6,12.4,126921.0,37378.9,127339.0,36085.0,4759791747.1,331.65316549023265
South Karelia,2021,1683.9,13.4,126107.0,41539.3,126514.0,38012.3,5255303000.200001,320.4192032192846
South Karelia,2022,1537.7,12.3,125353.0,43680.1,125730.0,35699.4,5491898973.0,279.9942255966186
South Karelia,2023,1316.7,10.5,125162.0,37688.1,125258.0,32018.2,4720736029.8,278.91837028976676
South Karelia,2024,1225.9,9.8,125083.0,,,,,
South Ostrobothnia,1990,2868.1,13.9,207010.0,,,,,
South Ostrobothnia,2005,2744.4,13.8,198856.0,22170.7,199003.0,28407.8,4412035812.1,622.0257760541036
South Ostrobothnia,2006,2991.7,15.1,198626.0,23398.3,198741.0,29889.6,4650201540.3,643.3484600770648
South Ostrobothnia,2007,2978.3,15.0,198831.0,26219.4,198729.0,32220.0,5210555142.6,571.5897670193096
South Ostrobothnia,2008,2783.7,14.0,198502.0,27038.3,198667.0,31692.8,5371617946.099999,518.2237508200063
South Ostrobothnia,2009,2832.4,14.3,198477.0,25769.8,198490.0,29397.6,5115047602.0,553.7387372294488
South Ostrobothnia,2010,3110.4,15.7,198469.0,26846.7,198473.0,30460.6,5328345089.1,583.7459751551811
South Ostrobothnia,2011,2840.5,14.3,198671.0,28544.0,198570.0,31488.6,5667982080.0,501.1483734260501
South Ostrobothnia,2012,2721.9,13.7,198944.0,29282.2,198808.0,30879.0,5821535617.6,467.5570465928261
South Ostrobothnia,2013,2716.4,13.7,198831.0,29691.6,198888.0,30286.8,5905302940.799999,459.9933360289228
South Ostrobothnia,2014,2596.8,13.1,198242.0,30191.5,198537.0,30333.1,5994129835.5,433.223849210031
South Ostrobothnia,2015,2497.5,12.7,197371.0,30080.7,197807.0,30080.7,5950173024.900001,419.7356933233002
South Ostrobothnia,2016,2611.5,13.3,196572.0,30080.8,196972.0,29919.0,5925075337.599999,440.75388939405616
South Ostrobothnia,2017,2496.6,12.8,195583.0,31720.9,196078.0,31390.6,6219770630.2,401.39743865759255
South Ostrobothnia,2018,2540.6,13.1,194316.0,32190.7,194950.0,31245.2,6275576965.0,404.8392704239585
South Ostrobothnia,2019,2464.4,12.8,193207.0,33884.6,193762.0,32240.5,6565547865.2,375.3532912405215
South Ostrobothnia,2020,2316.9,12.1,192150.0,34185.9,192679.0,31724.9,6586905026.1,351.7433439254853
South Ostrobothnia,2021,2297.3,12.0,191762.0,36042.7,191956.0,32880.2,6918612521.2,332.04634498038695
South Ostrobothnia,2022,2177.5,11.4,190774.0,38398.4,191268.0,33725.2,7344385171.2,296.4849948963418
South Ostrobothnia,2023,2072.6,10.9,190539.0,39673.1,190657.0,32616.0,7563954226.7,274.0101192950018
South Ostrobothnia,2024,2046.5,10.8,189929.0,,,,,
South Savo,1990,1684.0,10.3,163462.0,,,,,
South Savo,2005,1487.2,9.8,151395.0,22528.8,151783.0,28915.9,3419488850.4,434.9188036761788
South Savo,2006,1636.7,10.9,150471.0,23271.5,150933.0,29327.9,3512437309.5,465.9727294130657
South Savo,2007,1662.3,11.2,149032.0,25984.0,149752.0,31185.5,3891155968.0,427.19952982362696
South Savo,2008,1502.9,10.2,147892.0,25908.8,148462.0,29867.8,3846472265.6,390.72165252322884
South Savo,2009,1443.6,9.8,146979.0,24348.4,147436.0,27648.7,3589830702.4,402.13595561341475
South Savo,2010,1589.8,10.9,146166.0,25609.5,146573.0,28619.4,3753661243.5,423.53315786099915
South Savo,2011,1404.9,9.7,145353.0,26989.8,145760.0,29365.4,3934033248.0,357.11441958814885
South Savo,2012,1299.2,9.0,144393.0,28173.2,144873.0,29737.7,4081536003.6,318.3115373364534
South Savo,2013,1308.9,9.1,143638.0,28566.0,144016.0,29225.6,4113961056.0,318.16052271351396
South Savo,2014,1207.4,8.5,142746.0,29834.7,143192.0,30084.3,4272090362.4,282.6251079861756
South Savo,2015,1150.7,8.1,141621.0,29441.1,142184.0,29441.1,4186053362.3999996,274.8889945684463
South Savo,2016,1220.4,8.7,140422.0,30397.6,141022.0,30167.2,4286730347.2,284.6925048124707
South Savo,2017,1154.8,8.3,138822.0,31079.4,139622.0,30612.6,4339367986.8,266.1217033247253
South Savo,2018,1164.7,8.5,136474.0,32249.7,137648.0,31107.0,4439106705.6,262.3726072028666
South Savo,2019,1082.3,8.1,134314.0,32910.2,135394.0,31277.7,4455843618.799999,242.8945206769787
South Savo,2020,1007.2,7.6,132702.0,33034.8,133508.0,30816.8,4410410078.400001,228.36878705061142
South Savo,2021,1014.0,7.7,131688.0,34167.4,132195.0,30923.7,4516759443.0,224.49723364645436
South Savo,2022,942.6,7.2,130451.0,37851.0,131070.0,32626.1,4961130570.0,189.99701513600758
South Savo,2023,873.3,6.7,129914.0,38404.2,130183.0,31712.4,4999573968.599999,174.6748833970237
South Savo,2024,843.5,6.5,129376.0,,,,,
Southwest Finland,1990,4949.5,11.6,425282.0,,,,,
Southwest Finland,2005,4714.5,10.3,455584.0,31344.2,454665.0,36863.0,14251110693.0,330.8163203248231
Southwest Finland,2006,5166.0,11.3,457789.0,32924.9,456687.0,38626.2,15036373806.300001,343.56687766272
Southwest Finland,2007,5205.5,11.3,459235.0,36024.5,458512.0,41298.0,16517665544.0,315.14743933599533
Southwest Finland,2008,4797.9,10.4,461177.0,36529.7,460206.0,41249.4,16811187118.199999,285.39923839201896
Southwest Finland,2009,4670.7,10.1,462914.0,33380.0,462046.0,37291.2,15423095480.0,302.83803961771235
Southwest Finland,2010,5148.6,11.1,465183.0,31680.0,464049.0,35557.1,14701072320.0,350.2193505296626
Southwest Finland,2011,4556.5,9.8,467217.0,33911.0,466200.0,37167.6,15809308200.0,288.2162800773281
Southwest Finland,2012,4297.5,9.2,468936.0,33863.1,468077.0,35792.1,15850538258.699999,271.1264393586887
Southwest Finland,2013,4352.9,9.2,470880.0,33902.3,469908.0,34848.5,15930961988.400002,273.2352260440724
Southwest Finland,2014,4039.6,8.5,472725.0,34387.2,471803.0,34827.4,16223984121.599998,248.98939555924673
Southwest Finland,2015,3642.8,7.7,474323.0,34417.8,473524.0,34417.8,16297654327.2,223.51682805790907
Southwest Finland,2016,3887.6,8.2,475543.0,36103.0,474933.0,35982.5,17146506099.0,226.72840621604706
Southwest Finland,2017,3566.3,7.5,477677.0,38440.6,476610.0,37949.1,18321174366.0,194.65455263709813
Southwest Finland,2018,3641.3,7.6,478582.0,39544.4,478130.0,38468.3,18907363972.0,192.58633860290718
Southwest Finland,2019,3287.6,6.9,479341.0,40404.6,478962.0,38646.1,19352268025.2,169.8818968256835
Southwest Finland,2020,2971.0,6.2,481403.0,39752.0,480372.0,37013.3,19095747744.0,155.58437615691201
Southwest Finland,2021,2976.3,6.2,483477.0,41181.0,482440.0,37754.7,19867361640.0,149.80851780578953
Southwest Finland,2022,2733.1,5.6,485567.0,44607.9,484522.0,39054.5,21613508923.8,126.45332183847349
Southwest Finland,2023,2494.0,5.1,490786.0,45556.1,488177.0,37779.9,22239440229.7,112.14311035892663
Southwest Finland,2024,2335.6,4.7,494819.0,,,,,
Uusimaa,1990,12277.5,10.0,1232236.0,,,,,
Uusimaa,2005,12317.8,8.5,1452083.0,41705.0,1445742.0,50578.2,60294670110.0,204.2933476131096
Uusimaa,2006,14334.8,9.8,1467453.0,43989.1,1459768.0,52675.0,64213880528.799995,223.23522394150945
Uusimaa,2007,14111.3,9.5,1483719.0,47355.2,1475586.0,55499.0,69876670147.2,201.94579922416995
Uusimaa,2008,13383.8,8.9,1501511.0,48910.2,1492615.0,56083.7,73004098173.0,183.32943403100475
Uusimaa,2009,13348.8,8.8,1517542.0,46620.1,1509612.0,52256.9,70378262401.2,189.6722019634914
Uusimaa,2010,14630.8,9.5,1532309.0,47943.9,1524926.0,53753.7,73110899651.40001,200.11790403019387
Uusimaa,2011,13185.3,8.5,1549058.0,48614.0,1540684.0,53317.4,74898811976.0,176.0415105679513
Uusimaa,2012,12315.5,7.9,1566835.0,48536.8,1557947.0,51467.0,75617761949.6,162.86517456319856
Uusimaa,2013,12422.9,7.8,1585473.0,49746.8,1576154.0,51652.4,78408617807.20001,158.4379414842745
Uusimaa,2014,11427.6,7.1,1603388.0,49522.7,1594431.0,50598.8,78960528083.7,144.72547584644414
Uusimaa,2015,10579.2,6.5,1620261.0,51046.2,1611825.0,51046.2,82277541315.0,128.57943772891167
Uusimaa,2016,11664.8,7.1,1638293.0,51914.0,1629277.0,51898.0,84582286178.0,137.91067287365468
Uusimaa,2017,11143.8,6.7,1655624.0,53512.8,1646959.0,53044.0,88133387575.20001,126.44243352715255
Uusimaa,2018,11303.1,6.8,1671024.0,54982.0,1663324.0,53606.1,91452880168.0,123.59479525670568
Uusimaa,2019,11042.6,6.5,1689725.0,56756.6,1680375.0,54497.8,95372371725.0,115.7840556994914
Uusimaa,2020,9923.2,5.8,1702678.0,55424.5,1696202.0,52268.8,94011147749.0,105.55343953989279
Uusimaa,2021,9478.0,5.5,1714741.0,57622.9,1708710.0,53445.6,98460825459.0,96.26163457208398
Uusimaa,2022,9184.4,5.3,1733033.0,60396.7,1723887.0,52671.9,104117085972.9,88.21222678466579
Uusimaa,2023,7995.4,4.5,1759537.0,62093.4,1746285.0,51733.0,108432773019.0,73.73600967116295
Uusimaa,2024,6866.9,3.9,1782300.0,,,,,
Åland,1990,266.6,10.8,24604.0,,,,,
Åland,2005,290.9,10.9,26766.0,39409.8,26648.0,48620.3,1050192350.4000001,276.99687575252403
Åland,2006,327.5,12.2,26923.0,40132.4,26845.0,48817.7,1077354278.0,303.9854267882714
Åland,2007,325.4,12.0,27153.0,40737.3,27038.0,48014.4,1101455117.4,295.4273804348117
Åland,2008,285.5,10.4,27456.0,39881.7,27305.0,44792.9,1088969818.5,262.17439193426094
Åland,2009,278.6,10.0,27734.0,41823.4,27595.0,47511.5,1154116723.0,241.3967274261565
Åland,2010,305.4,10.9,28007.0,41496.6,27871.0,47058.3,1156551738.6,264.06081959609105
Åland,2011,286.4,10.1,28354.0,42459.0,28181.0,47157.0,1196537079.0,239.3573964622621
Åland,2012,281.6,9.9,28501.0,45891.7,28428.0,49721.6,1304609247.6,215.85007197982094
Åland,2013,283.2,9.9,28666.0,46934.8,28584.0,50054.3,1341584323.2,211.09370100904292
Åland,2014,257.5,8.9,28916.0,47674.9,28791.0,49706.3,1372608045.9,187.59907518330246
Åland,2015,244.1,8.4,28983.0,47390.7,28950.0,47390.7,1371960765.0,177.92053987782953
Åland,2016,256.3,8.8,29214.0,46368.8,29099.0,46322.4,1349285711.2,189.95235617818642
Åland,2017,243.8,8.3,29489.0,46892.5,29352.0,46232.2,1376388660.0,177.13020100005764
Åland,2018,248.1,8.3,29789.0,43395.5,29639.0,42290.5,1286199224.5,192.89391198042975
Åland,2019,236.5,7.9,29884.0,45157.6,29837.0,43325.4,1347367311.2,175.52748833528327
Åland,2020,199.8,6.6,30129.0,39532.8,30007.0,37153.3,1186260729.6000001,168.428402807679
Åland,2021,193.5,6.4,30344.0,44250.6,30237.0,41390.2,1338005392.2,144.6182512626798
Åland,2022,183.3,6.0,30359.0,48917.6,30352.0,42225.0,1484746995.2,123.45537697168999
Åland,2023,170.8,5.6,30541.0,53681.8,30450.0,43756.0,1634610810.0,104.48970418836274
Åland,2024,164.6,5.4,30654.0,,,,,
